{
  "image_path": "/home/sunteng/Desktop/HighTorque_vision/orbslam_depthmaping_ros_2/ros_orbslam_ws/src/depth_maping/scripts/GE_information/latest_img.png",
  "timestamp": 1768991212.906814,
  "frame_id": 240,
  "R_cw": [
    [
      0.3586950898170471,
      0.14470185339450836,
      -0.9221709370613098
    ],
    [
      -0.005908101797103882,
      0.9882438778877258,
      0.15277159214019775
    ],
    [
      0.9334360957145691,
      -0.04935014247894287,
      0.355333149433136
    ]
  ],
  "t_cw": [
    1.3872888088226318,
    -0.3389984965324402,
    -11.54387378692627
  ]
}